Workbook

Sheet Sheet1
A1: id | B1: number | C1: item_number | D1: unit_of_measure | E1: active | F1: is_crimp | G1: label_spec | H1: description | I1: notes | J1: deleted_at | K1: created_at | L1: updated_at | M1: id
A2: 1 | B2: 189-10004 | C2: 189-10004 | D2: ea | E2: 1 | F2: 0 | G2: - | H2: STS H-CL-181-1222-90/9 | J2: 0000-00-00 00:00:00 | K2: 46120.859 | L2: 0000-00-00 00:00:00 | M2: 1
A3: 2 | B3: 189-10005 | C3: 189-10005 | D3: ea | E3: 1 | F3: 0 | G3: - | H3: STS H-CL-181-1224-90/9 | J3: 0000-00-00 00:00:00 | K3: 46120.859 | L3: 0000-00-00 00:00:00 | M3: 2
A4: 3 | B4: 189-10006 | C4: 189-10006 | D4: ea | E4: 1 | F4: 0 | G4: - | H4: STS H-CL-181-1226-90/9 | J4: 0000-00-00 00:00:00 | K4: 46120.859 | L4: 0000-00-00 00:00:00 | M4: 3
A5: 4 | B5: 189-10009 | C5: 189-10009 | D5: ea | E5: 1 | F5: 0 | G5: - | H5: STS H-CL-181-2222-90/9 | J5: 0000-00-00 00:00:00 | K5: 46120.859 | L5: 0000-00-00 00:00:00 | M5: 4
A6: 5 | B6: 189-10010 | C6: 189-10010 | D6: ea | E6: 1 | F6: 0 | G6: - | H6: STS H-CL-181-2222-90/9-10 | J6: 0000-00-00 00:00:00 | K6: 46120.859 | L6: 0000-00-00 00:00:00 | M6: 5
A7: 6 | B7: 189-10011 | C7: 189-10011 | D7: ea | E7: 1 | F7: 0 | G7: - | H7: STS H-CL-181-3222-0/9 | J7: 0000-00-00 00:00:00 | K7: 46120.859 | L7: 0000-00-00 00:00:00 | M7: 6
A8: 7 | B8: 189-10012 | C8: 189-10012 | D8: ea | E8: 1 | F8: 0 | G8: - | H8: STS H-CL-181-3222-90/9 | J8: 0000-00-00 00:00:00 | K8: 46120.859 | L8: 0000-00-00 00:00:00 | M8: 7
A9: 8 | B9: 189-10044 | C9: 189-10044 | D9: ea | E9: 1 | F9: 0 | G9: NAS1745-1 | H9: STS H-C-1 | J9: 0000-00-00 00:00:00 | K9: 46120.859 | L9: 0000-00-00 00:00:00 | M9: 8
A10: 9 | B10: 189-10046 | C10: 189-10046 | D10: ea | E10: 1 | F10: 0 | G10: - | H10: STS H-C110-35 | J10: 0000-00-00 00:00:00 | K10: 46120.859 | L10: 0000-00-00 00:00:00 | M10: 9
A11: 10 | B11: 189-10048 | C11: 189-10048 | D11: ea | E11: 1 | F11: 0 | G11: - | H11: STS H-C-110-41 | J11: 0000-00-00 00:00:00 | K11: 46120.859 | L11: 0000-00-00 00:00:00 | M11: 10
A12: 11 | B12: 189-10049 | C12: 189-10049 | D12: ea | E12: 1 | F12: 0 | G12: - | H12: STS H-C-112 | J12: 0000-00-00 00:00:00 | K12: 46120.859 | L12: 0000-00-00 00:00:00 | M12: 11
A13: 12 | B13: 189-10050 | C13: 189-10050 | D13: ea | E13: 1 | F13: 0 | G13: - | H13: STS H-C-113 | J13: 0000-00-00 00:00:00 | K13: 46120.859 | L13: 0000-00-00 00:00:00 | M13: 12
... A432: 431 | B432: 189-10663 | C432: 189-10663 | D432: ea | E432: 1 | F432: 0 | G432: - | H432: STS H-ML-18-9-M | J432: 0000-00-00 00:00:00 | K432: 46120.859 | L432: 0000-00-00 00:00:00 | M432: 431

Sheet Sheet2
A1: part_id | B1: sample_price | C1: workstation_type | D1: effective_date | E1: active | F1: comments | G1: id
A2: 189-10004 | B2: 0.5 | C2: table' | D2: 46113 | E2: 1 | G2: =VLOOKUP(A2,Sheet1!B:M,12,FALSE) -> 1
A3: 189-10005 | B3: 0.5 | C3: table' | D3: 46113 | E3: 1 | G3: =VLOOKUP(A3,Sheet1!B:M,12,FALSE) -> 2
A4: 189-10006 | B4: 0.5 | C4: table' | D4: 46113 | E4: 1 | G4: =VLOOKUP(A4,Sheet1!B:M,12,FALSE) -> 3
A5: 189-10009 | B5: 0.5 | C5: table' | D5: 46113 | E5: 1 | G5: =VLOOKUP(A5,Sheet1!B:M,12,FALSE) -> 4
A6: 189-10010 | B6: 0.5 | C6: table' | D6: 46113 | E6: 1 | G6: =VLOOKUP(A6,Sheet1!B:M,12,FALSE) -> 5
A7: 189-10011 | B7: 0.5 | C7: table' | D7: 46113 | E7: 1 | G7: =VLOOKUP(A7,Sheet1!B:M,12,FALSE) -> 6
A8: 189-10012 | B8: 0.5 | C8: table' | D8: 46113 | E8: 1 | G8: =VLOOKUP(A8,Sheet1!B:M,12,FALSE) -> 7
A9: 189-10044 | B9: 0.5 | C9: table' | D9: 46113 | E9: 1 | G9: =VLOOKUP(A9,Sheet1!B:M,12,FALSE) -> 8
A10: 189-10046 | B10: 0.5 | C10: table' | D10: 46113 | E10: 1 | G10: =VLOOKUP(A10,Sheet1!B:M,12,FALSE) -> 9
A11: 189-10048 | B11: 0.5 | C11: table' | D11: 46113 | E11: 1 | G11: =VLOOKUP(A11,Sheet1!B:M,12,FALSE) -> 10
A12: 189-10049 | B12: 0.5 | C12: table' | D12: 46113 | E12: 1 | G12: =VLOOKUP(A12,Sheet1!B:M,12,FALSE) -> 11
A13: 189-10050 | B13: 0.5 | C13: table' | D13: 46113 | E13: 1 | G13: =VLOOKUP(A13,Sheet1!B:M,12,FALSE) -> 12
... A435: 189-10663 | B435: 0.5 | C435: table' | D435: 46113 | E435: 1 | G435: =VLOOKUP(A435,Sheet1!B:M,12,FALSE) -> 431

Sheet Sheet3
A1: price_id | B1: min_quantity | C1: max_quantity | D1: tier_price | E1: Note 1 | F1: Note 2 | G1: id_db | H1: extra_notes | I1: is_machine_or_semiauto
A2: 189-10004 | B2: 1000 | C2: 10999 | D2: 56.03 | E2: W/407-30008 and 407-30010 and 408-20010 | F2: OK | G2: =VLOOKUP(A2,Sheet2!A:G,7,FALSE) -> 1 | I2: =IF(LEFT(E2,1)="T","Semi-Automatica",IF(LEFT(E2,2)="ST","Maquina",""))
A3: 189-10004 | B3: 11000 | C3: 49999 | D3: 54.66 | E3: W/407-30008 and 407-30010 and 408-20010 | F3: OK | G3: =VLOOKUP(A3,Sheet2!A:G,7,FALSE) -> 1 | I3: =IF(LEFT(E3,1)="T","Semi-Automatica",IF(LEFT(E3,2)="ST","Maquina",""))
A4: 189-10004 | B4: 50000 | C4: 99999 | D4: 53.28 | E4: W/407-30008 and 407-30010 and 408-20010 | F4: OK | G4: =VLOOKUP(A4,Sheet2!A:G,7,FALSE) -> 1 | I4: =IF(LEFT(E4,1)="T","Semi-Automatica",IF(LEFT(E4,2)="ST","Maquina",""))
A5: 189-10004 | B5: 100000 | C5: 200000 | D5: 50.53 | E5: W/407-30008 and 407-30010 and 408-20010 | F5: OK | G5: =VLOOKUP(A5,Sheet2!A:G,7,FALSE) -> 1 | I5: =IF(LEFT(E5,1)="T","Semi-Automatica",IF(LEFT(E5,2)="ST","Maquina",""))
A6: 189-10005 | B6: 1000 | C6: 10999 | D6: 56.03 | E6: W/407-30008 and 407-30010 and 408-20010 | F6: OK | G6: =VLOOKUP(A6,Sheet2!A:G,7,FALSE) -> 2 | I6: =IF(LEFT(E6,1)="T","Semi-Automatica",IF(LEFT(E6,2)="ST","Maquina",""))
A7: 189-10005 | B7: 11000 | C7: 49999 | D7: 54.66 | E7: W/407-30008 and 407-30010 and 408-20010 | F7: OK | G7: =VLOOKUP(A7,Sheet2!A:G,7,FALSE) -> 2 | I7: =IF(LEFT(E7,1)="T","Semi-Automatica",IF(LEFT(E7,2)="ST","Maquina",""))
A8: 189-10005 | B8: 50000 | C8: 99999 | D8: 53.28 | E8: W/407-30008 and 407-30010 and 408-20010 | F8: OK | G8: =VLOOKUP(A8,Sheet2!A:G,7,FALSE) -> 2 | I8: =IF(LEFT(E8,1)="T","Semi-Automatica",IF(LEFT(E8,2)="ST","Maquina",""))
A9: 189-10005 | B9: 100000 | C9: 200000 | D9: 50.53 | E9: W/407-30008 and 407-30010 and 408-20010 | F9: OK | G9: =VLOOKUP(A9,Sheet2!A:G,7,FALSE) -> 2 | I9: =IF(LEFT(E9,1)="T","Semi-Automatica",IF(LEFT(E9,2)="ST","Maquina",""))
A10: 189-10006 | B10: 1000 | C10: 10999 | D10: 52.58 | F10: OK | G10: =VLOOKUP(A10,Sheet2!A:G,7,FALSE) -> 3 | I10: =IF(LEFT(E10,1)="T","Semi-Automatica",IF(LEFT(E10,2)="ST","Maquina",""))
A11: 189-10006 | B11: 11000 | C11: 49999 | D11: 51.21 | F11: OK | G11: =VLOOKUP(A11,Sheet2!A:G,7,FALSE) -> 3 | I11: =IF(LEFT(E11,1)="T","Semi-Automatica",IF(LEFT(E11,2)="ST","Maquina",""))
A12: 189-10006 | B12: 50000 | C12: 99999 | D12: 49.83 | F12: OK | G12: =VLOOKUP(A12,Sheet2!A:G,7,FALSE) -> 3 | I12: =IF(LEFT(E12,1)="T","Semi-Automatica",IF(LEFT(E12,2)="ST","Maquina",""))
A13: 189-10006 | B13: 100000 | C13: 200000 | D13: 47.08 | F13: OK | G13: =VLOOKUP(A13,Sheet2!A:G,7,FALSE) -> 3 | I13: =IF(LEFT(E13,1)="T","Semi-Automatica",IF(LEFT(E13,2)="ST","Maquina",""))
A14: 189-10009 | B14: 1000 | C14: 10999 | D14: 54.12 | E14: w/ 408-20001 and 408-20012 | F14: OK | G14: =VLOOKUP(A14,Sheet2!A:G,7,FALSE) -> 4 | I14: =IF(LEFT(E14,1)="T","Semi-Automatica",IF(LEFT(E14,2)="ST","Maquina",""))
A15: 189-10009 | B15: 11000 | C15: 49999 | D15: 52.74 | E15: w/ 408-20001 and 408-20012 | F15: OK | G15: =VLOOKUP(A15,Sheet2!A:G,7,FALSE) -> 4 | I15: =IF(LEFT(E15,1)="T","Semi-Automatica",IF(LEFT(E15,2)="ST","Maquina",""))
A16: 189-10009 | B16: 50000 | C16: 99999 | D16: 51.37 | E16: w/ 408-20001 and 408-20012 | F16: OK | G16: =VLOOKUP(A16,Sheet2!A:G,7,FALSE) -> 4 | I16: =IF(LEFT(E16,1)="T","Semi-Automatica",IF(LEFT(E16,2)="ST","Maquina",""))
A17: 189-10009 | B17: 100000 | C17: 200000 | D17: 48.61 | E17: w/ 408-20001 and 408-20012 | F17: OK | G17: =VLOOKUP(A17,Sheet2!A:G,7,FALSE) -> 4 | I17: =IF(LEFT(E17,1)="T","Semi-Automatica",IF(LEFT(E17,2)="ST","Maquina",""))
A18: 189-10010 | B18: 1000 | C18: 10999 | D18: 55.21 | F18: OK | G18: =VLOOKUP(A18,Sheet2!A:G,7,FALSE) -> 5 | I18: =IF(LEFT(E18,1)="T","Semi-Automatica",IF(LEFT(E18,2)="ST","Maquina",""))
A19: 189-10010 | B19: 11000 | C19: 49999 | D19: 53.84 | F19: OK | G19: =VLOOKUP(A19,Sheet2!A:G,7,FALSE) -> 5 | I19: =IF(LEFT(E19,1)="T","Semi-Automatica",IF(LEFT(E19,2)="ST","Maquina",""))
A20: 189-10010 | B20: 50000 | C20: 99999 | D20: 52.46 | F20: OK | G20: =VLOOKUP(A20,Sheet2!A:G,7,FALSE) -> 5 | I20: =IF(LEFT(E20,1)="T","Semi-Automatica",IF(LEFT(E20,2)="ST","Maquina",""))
A21: 189-10010 | B21: 100000 | C21: 200000 | D21: 49.71 | F21: OK | G21: =VLOOKUP(A21,Sheet2!A:G,7,FALSE) -> 5 | I21: =IF(LEFT(E21,1)="T","Semi-Automatica",IF(LEFT(E21,2)="ST","Maquina",""))
A22: 189-10011 | B22: 1000 | C22: 10999 | D22: 53.85 | E22: w/ 407-20013 | F22: OK | G22: =VLOOKUP(A22,Sheet2!A:G,7,FALSE) -> 6 | I22: =IF(LEFT(E22,1)="T","Semi-Automatica",IF(LEFT(E22,2)="ST","Maquina",""))
A23: 189-10011 | B23: 11000 | C23: 49999 | D23: 52.45 | E23: w/ 407-20013 | F23: OK | G23: =VLOOKUP(A23,Sheet2!A:G,7,FALSE) -> 6 | I23: =IF(LEFT(E23,1)="T","Semi-Automatica",IF(LEFT(E23,2)="ST","Maquina",""))
A24: 189-10011 | B24: 50000 | C24: 99999 | D24: 51.06 | E24: w/ 407-20013 | F24: OK | G24: =VLOOKUP(A24,Sheet2!A:G,7,FALSE) -> 6 | I24: =IF(LEFT(E24,1)="T","Semi-Automatica",IF(LEFT(E24,2)="ST","Maquina",""))
A25: 189-10011 | B25: 100000 | C25: 200000 | D25: 48.23 | E25: w/ 407-20013 | F25: OK | G25: =VLOOKUP(A25,Sheet2!A:G,7,FALSE) -> 6 | I25: =IF(LEFT(E25,1)="T","Semi-Automatica",IF(LEFT(E25,2)="ST","Maquina",""))
A26: 189-10012 | B26: 1000 | C26: 10999 | D26: 53.88 | E26: w/ 407-20013 | F26: OK | G26: =VLOOKUP(A26,Sheet2!A:G,7,FALSE) -> 7 | I26: =IF(LEFT(E26,1)="T","Semi-Automatica",IF(LEFT(E26,2)="ST","Maquina",""))
A27: 189-10012 | B27: 11000 | C27: 49999 | D27: 52.47 | E27: w/ 407-20013 | F27: OK | G27: =VLOOKUP(A27,Sheet2!A:G,7,FALSE) -> 7 | I27: =IF(LEFT(E27,1)="T","Semi-Automatica",IF(LEFT(E27,2)="ST","Maquina",""))
A28: 189-10012 | B28: 50000 | C28: 99999 | D28: 51.06 | E28: w/ 407-20013 | F28: OK | G28: =VLOOKUP(A28,Sheet2!A:G,7,FALSE) -> 7 | I28: =IF(LEFT(E28,1)="T","Semi-Automatica",IF(LEFT(E28,2)="ST","Maquina",""))
A29: 189-10012 | B29: 100000 | C29: 200000 | D29: 48.23 | E29: w/ 407-20013 | F29: OK | G29: =VLOOKUP(A29,Sheet2!A:G,7,FALSE) -> 7 | I29: =IF(LEFT(E29,1)="T","Semi-Automatica",IF(LEFT(E29,2)="ST","Maquina",""))
A30: 189-10044 | B30: 1000 | C30: 10999 | D30: 14.99 | E30: BI | F30: OK | G30: =VLOOKUP(A30,Sheet2!A:G,7,FALSE) -> 8 | I30: =IF(LEFT(E30,1)="T","Semi-Automatica",IF(LEFT(E30,2)="ST","Maquina",""))
A31: 189-10044 | B31: 11000 | C31: 49999 | D31: 13.86 | E31: BI | F31: OK | G31: =VLOOKUP(A31,Sheet2!A:G,7,FALSE) -> 8 | I31: =IF(LEFT(E31,1)="T","Semi-Automatica",IF(LEFT(E31,2)="ST","Maquina",""))
A32: 189-10044 | B32: 50000 | C32: 99999 | D32: 12.73 | E32: BI | F32: OK | G32: =VLOOKUP(A32,Sheet2!A:G,7,FALSE) -> 8 | I32: =IF(LEFT(E32,1)="T","Semi-Automatica",IF(LEFT(E32,2)="ST","Maquina",""))
A33: 189-10044 | B33: 100000 | C33: 200000 | D33: 11.31 | E33: BI | F33: OK | G33: =VLOOKUP(A33,Sheet2!A:G,7,FALSE) -> 8 | I33: =IF(LEFT(E33,1)="T","Semi-Automatica",IF(LEFT(E33,2)="ST","Maquina",""))
... A35: 189-10044 | B35: 11000 | C35: 200000 | D35: 0 | E35: T-Machines | F35: OK | G35: =VLOOKUP(A35,Sheet2!A:G,7,FALSE) -> 8 | I35: =IF(LEFT(E35,1)="T","Semi-Automatica",IF(LEFT(E35,2)="ST","Maquina","")) -> Semi-Automatica
A36: 189-10046 | B36: 1000 | C36: 10999 | D36: 13.44 | F36: OK | G36: =VLOOKUP(A36,Sheet2!A:G,7,FALSE) -> 9 | I36: =IF(LEFT(E36,1)="T","Semi-Automatica",IF(LEFT(E36,2)="ST","Maquina",""))
A37: 189-10046 | B37: 11000 | C37: 49999 | D37: 13.09 | F37: OK | G37: =VLOOKUP(A37,Sheet2!A:G,7,FALSE) -> 9 | I37: =IF(LEFT(E37,1)="T","Semi-Automatica",IF(LEFT(E37,2)="ST","Maquina",""))
A38: 189-10046 | B38: 50000 | C38: 99999 | D38: 12.75 | F38: OK | G38: =VLOOKUP(A38,Sheet2!A:G,7,FALSE) -> 9 | I38: =IF(LEFT(E38,1)="T","Semi-Automatica",IF(LEFT(E38,2)="ST","Maquina",""))
A39: 189-10046 | B39: 100000 | C39: 200000 | D39: 12.06 | F39: OK | G39: =VLOOKUP(A39,Sheet2!A:G,7,FALSE) -> 9 | I39: =IF(LEFT(E39,1)="T","Semi-Automatica",IF(LEFT(E39,2)="ST","Maquina",""))
A40: 189-10048 | B40: 1000 | C40: 10999 | D40: 12.61 | F40: OK | G40: =VLOOKUP(A40,Sheet2!A:G,7,FALSE) -> 10 | I40: =IF(LEFT(E40,1)="T","Semi-Automatica",IF(LEFT(E40,2)="ST","Maquina",""))
A41: 189-10048 | B41: 11000 | C41: 49999 | D41: 12.33 | F41: OK | G41: =VLOOKUP(A41,Sheet2!A:G,7,FALSE) -> 10 | I41: =IF(LEFT(E41,1)="T","Semi-Automatica",IF(LEFT(E41,2)="ST","Maquina",""))
A42: 189-10048 | B42: 50000 | C42: 99999 | D42: 12.06 | F42: OK | G42: =VLOOKUP(A42,Sheet2!A:G,7,FALSE) -> 10 | I42: =IF(LEFT(E42,1)="T","Semi-Automatica",IF(LEFT(E42,2)="ST","Maquina",""))
A43: 189-10048 | B43: 100000 | C43: 200000 | D43: 11.37 | F43: OK | G43: =VLOOKUP(A43,Sheet2!A:G,7,FALSE) -> 10 | I43: =IF(LEFT(E43,1)="T","Semi-Automatica",IF(LEFT(E43,2)="ST","Maquina",""))
A44: 189-10049 | B44: 1000 | C44: 10999 | D44: 14.67 | F44: OK | G44: =VLOOKUP(A44,Sheet2!A:G,7,FALSE) -> 11 | I44: =IF(LEFT(E44,1)="T","Semi-Automatica",IF(LEFT(E44,2)="ST","Maquina",""))
A45: 189-10049 | B45: 11000 | C45: 49999 | D45: 14.05 | F45: OK | G45: =VLOOKUP(A45,Sheet2!A:G,7,FALSE) -> 11 | I45: =IF(LEFT(E45,1)="T","Semi-Automatica",IF(LEFT(E45,2)="ST","Maquina",""))
A46: 189-10049 | B46: 50000 | C46: 99999 | D46: 13.44 | F46: OK | G46: =VLOOKUP(A46,Sheet2!A:G,7,FALSE) -> 11 | I46: =IF(LEFT(E46,1)="T","Semi-Automatica",IF(LEFT(E46,2)="ST","Maquina",""))
A47: 189-10049 | B47: 100000 | C47: 200000 | D47: 12.75 | F47: OK | G47: =VLOOKUP(A47,Sheet2!A:G,7,FALSE) -> 11 | I47: =IF(LEFT(E47,1)="T","Semi-Automatica",IF(LEFT(E47,2)="ST","Maquina",""))
... A55: 189-10054 | B55: 100000 | C55: 200000 | D55: 5.73 | F55: OK | G55: =VLOOKUP(A55,Sheet2!A:G,7,FALSE) -> 13 | I55: =IF(LEFT(E55,1)="T","Semi-Automatica",IF(LEFT(E55,2)="ST","Maquina",""))
A56: 189-10056 | B56: 1000 | C56: 49999 | D56: 0 | E56: STS H-C-2 (STS Machine) | F56: OK | G56: =VLOOKUP(A56,Sheet2!A:G,7,FALSE) -> 14 | I56: =IF(LEFT(E56,1)="T","Semi-Automatica",IF(LEFT(E56,2)="ST","Maquina","")) -> Maquina
A57: 189-10056 | B57: 50000 | C57: 200000 | D57: 8.53 | E57: STS H-C-2 (STS Machine) | F57: OK | G57: =VLOOKUP(A57,Sheet2!A:G,7,FALSE) -> 14 | I57: =IF(LEFT(E57,1)="T","Semi-Automatica",IF(LEFT(E57,2)="ST","Maquina","")) -> Maquina
A58: 189-10057 | B58: 1000 | C58: 10999 | D58: 6.97 | F58: OK | G58: =VLOOKUP(A58,Sheet2!A:G,7,FALSE) -> 15 | I58: =IF(LEFT(E58,1)="T","Semi-Automatica",IF(LEFT(E58,2)="ST","Maquina",""))
A59: 189-10057 | B59: 11000 | C59: 49999 | D59: 6.58 | F59: OK | G59: =VLOOKUP(A59,Sheet2!A:G,7,FALSE) -> 15 | I59: =IF(LEFT(E59,1)="T","Semi-Automatica",IF(LEFT(E59,2)="ST","Maquina",""))
A60: 189-10057 | B60: 50000 | C60: 99999 | D60: 6.19 | F60: OK | G60: =VLOOKUP(A60,Sheet2!A:G,7,FALSE) -> 15 | I60: =IF(LEFT(E60,1)="T","Semi-Automatica",IF(LEFT(E60,2)="ST","Maquina",""))
A61: 189-10057 | B61: 100000 | C61: 200000 | D61: 5.64 | F61: OK | G61: =VLOOKUP(A61,Sheet2!A:G,7,FALSE) -> 15 | I61: =IF(LEFT(E61,1)="T","Semi-Automatica",IF(LEFT(E61,2)="ST","Maquina",""))
A62: 189-10058 | B62: 1000 | C62: 10999 | D62: 6.19 | F62: OK | G62: =VLOOKUP(A62,Sheet2!A:G,7,FALSE) -> 16 | I62: =IF(LEFT(E62,1)="T","Semi-Automatica",IF(LEFT(E62,2)="ST","Maquina",""))
A63: 189-10058 | B63: 11000 | C63: 49999 | D63: 5.85 | F63: OK | G63: =VLOOKUP(A63,Sheet2!A:G,7,FALSE) -> 16 | I63: =IF(LEFT(E63,1)="T","Semi-Automatica",IF(LEFT(E63,2)="ST","Maquina",""))
A64: 189-10058 | B64: 50000 | C64: 99999 | D64: 5.51 | F64: OK | G64: =VLOOKUP(A64,Sheet2!A:G,7,FALSE) -> 16 | I64: =IF(LEFT(E64,1)="T","Semi-Automatica",IF(LEFT(E64,2)="ST","Maquina",""))
A65: 189-10058 | B65: 100000 | C65: 200000 | D65: 4.82 | F65: OK | G65: =VLOOKUP(A65,Sheet2!A:G,7,FALSE) -> 16 | I65: =IF(LEFT(E65,1)="T","Semi-Automatica",IF(LEFT(E65,2)="ST","Maquina",""))
A66: 189-10059 | B66: 1000 | C66: 10999 | D66: 9.86 | F66: OK | G66: =VLOOKUP(A66,Sheet2!A:G,7,FALSE) -> 17 | I66: =IF(LEFT(E66,1)="T","Semi-Automatica",IF(LEFT(E66,2)="ST","Maquina",""))
A67: 189-10059 | B67: 11000 | C67: 49999 | D67: 9.58 | F67: OK | G67: =VLOOKUP(A67,Sheet2!A:G,7,FALSE) -> 17 | I67: =IF(LEFT(E67,1)="T","Semi-Automatica",IF(LEFT(E67,2)="ST","Maquina",""))
A68: 189-10059 | B68: 50000 | C68: 99999 | D68: 9.31 | F68: OK | G68: =VLOOKUP(A68,Sheet2!A:G,7,FALSE) -> 17 | I68: =IF(LEFT(E68,1)="T","Semi-Automatica",IF(LEFT(E68,2)="ST","Maquina",""))
A69: 189-10059 | B69: 100000 | C69: 200000 | D69: 8.48 | F69: OK | G69: =VLOOKUP(A69,Sheet2!A:G,7,FALSE) -> 17 | I69: =IF(LEFT(E69,1)="T","Semi-Automatica",IF(LEFT(E69,2)="ST","Maquina",""))
... A81: 189-10063 | B81: 100000 | C81: 200000 | D81: 16.19 | F81: OK | G81: =VLOOKUP(A81,Sheet2!A:G,7,FALSE) -> 20 | I81: =IF(LEFT(E81,1)="T","Semi-Automatica",IF(LEFT(E81,2)="ST","Maquina",""))
A82: 189-10064 | B82: 1000 | C82: 10999 | D82: 14.66 | E82: BI | F82: OK | G82: =VLOOKUP(A82,Sheet2!A:G,7,FALSE) -> 21 | I82: =IF(LEFT(E82,1)="T","Semi-Automatica",IF(LEFT(E82,2)="ST","Maquina",""))
A83: 189-10064 | B83: 11000 | C83: 49999 | D83: 14.02 | E83: BI | F83: OK | G83: =VLOOKUP(A83,Sheet2!A:G,7,FALSE) -> 21 | I83: =IF(LEFT(E83,1)="T","Semi-Automatica",IF(LEFT(E83,2)="ST","Maquina",""))
A84: 189-10064 | B84: 50000 | C84: 99999 | D84: 13.37 | E84: BI | F84: OK | G84: =VLOOKUP(A84,Sheet2!A:G,7,FALSE) -> 21 | I84: =IF(LEFT(E84,1)="T","Semi-Automatica",IF(LEFT(E84,2)="ST","Maquina",""))
A85: 189-10064 | B85: 100000 | C85: 200000 | D85: 12.36 | E85: BI | F85: OK | G85: =VLOOKUP(A85,Sheet2!A:G,7,FALSE) -> 21 | I85: =IF(LEFT(E85,1)="T","Semi-Automatica",IF(LEFT(E85,2)="ST","Maquina",""))
A86: 189-10064 | B86: 50000 | C86: 200000 | D86: 9.09 | E86: STS H-C-3 (STS Machine) | F86: OK | G86: =VLOOKUP(A86,Sheet2!A:G,7,FALSE) -> 21 | I86: =IF(LEFT(E86,1)="T","Semi-Automatica",IF(LEFT(E86,2)="ST","Maquina","")) -> Maquina
A87: 189-10067 | B87: 1000 | C87: 10999 | D87: 55.06 | F87: OK | G87: =VLOOKUP(A87,Sheet2!A:G,7,FALSE) -> 22 | I87: =IF(LEFT(E87,1)="T","Semi-Automatica",IF(LEFT(E87,2)="ST","Maquina",""))
A88: 189-10067 | B88: 11000 | C88: 49999 | D88: 48.18 | F88: OK | G88: =VLOOKUP(A88,Sheet2!A:G,7,FALSE) -> 22 | I88: =IF(LEFT(E88,1)="T","Semi-Automatica",IF(LEFT(E88,2)="ST","Maquina",""))
A89: 189-10067 | B89: 50000 | C89: 99999 | D89: 41.3 | F89: OK | G89: =VLOOKUP(A89,Sheet2!A:G,7,FALSE) -> 22 | I89: =IF(LEFT(E89,1)="T","Semi-Automatica",IF(LEFT(E89,2)="ST","Maquina",""))
A90: 189-10067 | B90: 100000 | C90: 200000 | D90: 27.53 | F90: OK | G90: =VLOOKUP(A90,Sheet2!A:G,7,FALSE) -> 22 | I90: =IF(LEFT(E90,1)="T","Semi-Automatica",IF(LEFT(E90,2)="ST","Maquina",""))
A91: 189-10068 | B91: 1000 | C91: 10999 | D91: 18.8 | F91: OK | G91: =VLOOKUP(A91,Sheet2!A:G,7,FALSE) -> 23 | I91: =IF(LEFT(E91,1)="T","Semi-Automatica",IF(LEFT(E91,2)="ST","Maquina",""))
A92: 189-10068 | B92: 11000 | C92: 49999 | D92: 18.46 | F92: OK | G92: =VLOOKUP(A92,Sheet2!A:G,7,FALSE) -> 23 | I92: =IF(LEFT(E92,1)="T","Semi-Automatica",IF(LEFT(E92,2)="ST","Maquina",""))
A93: 189-10068 | B93: 50000 | C93: 99999 | D93: 18.12 | F93: OK | G93: =VLOOKUP(A93,Sheet2!A:G,7,FALSE) -> 23 | I93: =IF(LEFT(E93,1)="T","Semi-Automatica",IF(LEFT(E93,2)="ST","Maquina",""))
A94: 189-10068 | B94: 100000 | C94: 200000 | D94: 17.43 | F94: OK | G94: =VLOOKUP(A94,Sheet2!A:G,7,FALSE) -> 23 | I94: =IF(LEFT(E94,1)="T","Semi-Automatica",IF(LEFT(E94,2)="ST","Maquina",""))
A95: 189-10069 | B95: 1000 | C95: 10999 | D95: 15.67 | E95: BI | F95: OK | G95: =VLOOKUP(A95,Sheet2!A:G,7,FALSE) -> 24 | I95: =IF(LEFT(E95,1)="T","Semi-Automatica",IF(LEFT(E95,2)="ST","Maquina",""))
A96: 189-10069 | B96: 11000 | C96: 49999 | D96: 14.57 | E96: BI | F96: OK | G96: =VLOOKUP(A96,Sheet2!A:G,7,FALSE) -> 24 | I96: =IF(LEFT(E96,1)="T","Semi-Automatica",IF(LEFT(E96,2)="ST","Maquina",""))
A97: 189-10069 | B97: 50000 | C97: 99999 | D97: 13.46 | E97: BI | F97: OK | G97: =VLOOKUP(A97,Sheet2!A:G,7,FALSE) -> 24 | I97: =IF(LEFT(E97,1)="T","Semi-Automatica",IF(LEFT(E97,2)="ST","Maquina",""))
A98: 189-10069 | B98: 100000 | C98: 200000 | D98: 12.09 | E98: BI | F98: OK | G98: =VLOOKUP(A98,Sheet2!A:G,7,FALSE) -> 24 | I98: =IF(LEFT(E98,1)="T","Semi-Automatica",IF(LEFT(E98,2)="ST","Maquina",""))
A99: 189-10069 | B99: 2000 | C99: 10999 | D99: 14.54 | E99: T-Machines | F99: OK | G99: =VLOOKUP(A99,Sheet2!A:G,7,FALSE) -> 24 | I99: =IF(LEFT(E99,1)="T","Semi-Automatica",IF(LEFT(E99,2)="ST","Maquina","")) -> Semi-Automatica
A100: 189-10069 | B100: 11000 | C100: 200000 | D100: 14.4 | E100: T-Machines | F100: OK | G100: =VLOOKUP(A100,Sheet2!A:G,7,FALSE) -> 24 | I100: =IF(LEFT(E100,1)="T","Semi-Automatica",IF(LEFT(E100,2)="ST","Maquina","")) -> Semi-Automatica
A101: 189-10071 | B101: 1000 | C101: 10999 | D101: 18.54 | E101: BI | F101: OK | G101: =VLOOKUP(A101,Sheet2!A:G,7,FALSE) -> 25 | I101: =IF(LEFT(E101,1)="T","Semi-Automatica",IF(LEFT(E101,2)="ST","Maquina",""))
A102: 189-10071 | B102: 11000 | C102: 49999 | D102: 17.85 | E102: BI | F102: OK | G102: =VLOOKUP(A102,Sheet2!A:G,7,FALSE) -> 25 | I102: =IF(LEFT(E102,1)="T","Semi-Automatica",IF(LEFT(E102,2)="ST","Maquina",""))
A103: 189-10071 | B103: 50000 | C103: 99999 | D103: 17.16 | E103: BI | F103: OK | G103: =VLOOKUP(A103,Sheet2!A:G,7,FALSE) -> 25 | I103: =IF(LEFT(E103,1)="T","Semi-Automatica",IF(LEFT(E103,2)="ST","Maquina",""))
A104: 189-10071 | B104: 100000 | C104: 200000 | D104: 15.78 | E104: BI | F104: OK | G104: =VLOOKUP(A104,Sheet2!A:G,7,FALSE) -> 25 | I104: =IF(LEFT(E104,1)="T","Semi-Automatica",IF(LEFT(E104,2)="ST","Maquina",""))
A105: 189-10071 | B105: 2000 | C105: 10999 | D105: 15.67 | E105: T-Machines | F105: OK | G105: =VLOOKUP(A105,Sheet2!A:G,7,FALSE) -> 25 | I105: =IF(LEFT(E105,1)="T","Semi-Automatica",IF(LEFT(E105,2)="ST","Maquina","")) -> Semi-Automatica
A106: 189-10071 | B106: 11000 | C106: 200000 | D106: 15.6 | E106: T-Machines | F106: OK | G106: =VLOOKUP(A106,Sheet2!A:G,7,FALSE) -> 25 | I106: =IF(LEFT(E106,1)="T","Semi-Automatica",IF(LEFT(E106,2)="ST","Maquina","")) -> Semi-Automatica
... A118: 189-10073 | B118: 11000 | C118: 200000 | D118: 17.79 | E118: T-Machines | F118: OK | G118: =VLOOKUP(A118,Sheet2!A:G,7,FALSE) -> 27 | I118: =IF(LEFT(E118,1)="T","Semi-Automatica",IF(LEFT(E118,2)="ST","Maquina","")) -> Semi-Automatica
A119: 189-10074 | B119: 1000 | C119: 10999 | D119: 13.77 | F119: OK | G119: =VLOOKUP(A119,Sheet2!A:G,7,FALSE) -> 28 | I119: =IF(LEFT(E119,1)="T","Semi-Automatica",IF(LEFT(E119,2)="ST","Maquina",""))
A120: 189-10074 | B120: 11000 | C120: 49999 | D120: 13.19 | F120: OK | G120: =VLOOKUP(A120,Sheet2!A:G,7,FALSE) -> 28 | I120: =IF(LEFT(E120,1)="T","Semi-Automatica",IF(LEFT(E120,2)="ST","Maquina",""))
A121: 189-10074 | B121: 50000 | C121: 99999 | D121: 12.61 | F121: OK | G121: =VLOOKUP(A121,Sheet2!A:G,7,FALSE) -> 28 | I121: =IF(LEFT(E121,1)="T","Semi-Automatica",IF(LEFT(E121,2)="ST","Maquina",""))
A122: 189-10074 | B122: 100000 | C122: 200000 | D122: 11.23 | F122: OK | G122: =VLOOKUP(A122,Sheet2!A:G,7,FALSE) -> 28 | I122: =IF(LEFT(E122,1)="T","Semi-Automatica",IF(LEFT(E122,2)="ST","Maquina",""))
A123: 189-10076 | B123: 1000 | C123: 10999 | D123: 19.77 | E123: BI | F123: OK | G123: =VLOOKUP(A123,Sheet2!A:G,7,FALSE) -> 29 | I123: =IF(LEFT(E123,1)="T","Semi-Automatica",IF(LEFT(E123,2)="ST","Maquina",""))
A124: 189-10076 | B124: 11000 | C124: 49999 | D124: 19.09 | E124: BI | F124: OK | G124: =VLOOKUP(A124,Sheet2!A:G,7,FALSE) -> 29 | I124: =IF(LEFT(E124,1)="T","Semi-Automatica",IF(LEFT(E124,2)="ST","Maquina",""))
A125: 189-10076 | B125: 50000 | C125: 99999 | D125: 18.4 | E125: BI | F125: OK | G125: =VLOOKUP(A125,Sheet2!A:G,7,FALSE) -> 29 | I125: =IF(LEFT(E125,1)="T","Semi-Automatica",IF(LEFT(E125,2)="ST","Maquina",""))
A126: 189-10076 | B126: 100000 | C126: 200000 | D126: 17.02 | E126: BI | F126: OK | G126: =VLOOKUP(A126,Sheet2!A:G,7,FALSE) -> 29 | I126: =IF(LEFT(E126,1)="T","Semi-Automatica",IF(LEFT(E126,2)="ST","Maquina",""))
A127: 189-10076 | B127: 2000 | C127: 10999 | D127: 19.27 | E127: T-Machines | F127: OK | G127: =VLOOKUP(A127,Sheet2!A:G,7,FALSE) -> 29 | I127: =IF(LEFT(E127,1)="T","Semi-Automatica",IF(LEFT(E127,2)="ST","Maquina","")) -> Semi-Automatica
A128: 189-10076 | B128: 11000 | C128: 200000 | D128: 19.01 | E128: T-Machines | F128: OK | G128: =VLOOKUP(A128,Sheet2!A:G,7,FALSE) -> 29 | I128: =IF(LEFT(E128,1)="T","Semi-Automatica",IF(LEFT(E128,2)="ST","Maquina","")) -> Semi-Automatica
A129: 189-10078 | B129: 1000 | C129: 10999 | D129: 18.54 | E129: BI | F129: OK | G129: =VLOOKUP(A129,Sheet2!A:G,7,FALSE) -> 30 | I129: =IF(LEFT(E129,1)="T","Semi-Automatica",IF(LEFT(E129,2)="ST","Maquina",""))
A130: 189-10078 | B130: 11000 | C130: 49999 | D130: 17.85 | E130: BI | F130: OK | G130: =VLOOKUP(A130,Sheet2!A:G,7,FALSE) -> 30 | I130: =IF(LEFT(E130,1)="T","Semi-Automatica",IF(LEFT(E130,2)="ST","Maquina",""))
...
